<?xml version="1.0"?>
<!--Created by Custom Compiler (TM), build , on Tue Apr 23 21:33:42 2024-->
<file-format name="stateCategory" version="1.0">
 <object name="models" type="saModelSetup" version="1">
  <attribute value="1" name="includeGlobal" type="giBoolean"/>
  <attribute value="" name="includePath" type="giString"/>
  <collection name="modelFiles">
   <object name="modelFiles" type="saModelFile" version="1">
    <attribute value="1" name="enabled" type="giBoolean"/>
    <attribute value="./Hspice/lp5mos/xt018.lib" name="filename" type="giString"/>
    <attribute value="tm" name="section" type="giString"/>
   </object>
   <object name="modelFiles" type="saModelFile" version="1">
    <attribute value="1" name="enabled" type="giBoolean"/>
    <attribute value="./Hspice/lp5mos/param.lib" name="filename" type="giString"/>
    <attribute value="3s" name="section" type="giString"/>
   </object>
   <object name="modelFiles" type="saModelFile" version="1">
    <attribute value="1" name="enabled" type="giBoolean"/>
    <attribute value="./Hspice/lp5mos/config.lib" name="filename" type="giString"/>
    <attribute value="default" name="section" type="giString"/>
   </object>
  </collection>
  <collection name="modelGroupDefs"/>
  <collection name="modelGroups"/>
 </object>
</file-format>
