<?xml version="1.0"?>
<!--Created by Custom Compiler (TM), build , on Tue Apr 23 21:33:42 2024-->
<file-format name="stateCategory" version="1.0">
 <collection name="options">
  <object name="options" type="saOption" version="1">
   <attribute value="no" name="enabled" type="giString"/>
   <attribute value="0" name="hasIntegrationDefault" type="giBoolean"/>
   <attribute value="0" name="localized" type="giBoolean"/>
   <attribute value="AUTOSTOP" name="name" type="giString"/>
   <attribute value="0" name="simDefault" type="giString"/>
   <attribute value="used" name="state" type="giString"/>
   <attribute value="0" name="value" type="giString"/>
  </object>
  <object name="options" type="saOption" version="1">
   <attribute value="no" name="enabled" type="giString"/>
   <attribute value="0" name="hasIntegrationDefault" type="giBoolean"/>
   <attribute value="0" name="localized" type="giBoolean"/>
   <attribute value="CAPTAB" name="name" type="giString"/>
   <attribute value="0" name="simDefault" type="giString"/>
   <attribute value="used" name="state" type="giString"/>
   <attribute value="0" name="value" type="giString"/>
  </object>
  <object name="options" type="saOption" version="1">
   <attribute value="no" name="enabled" type="giString"/>
   <attribute value="0" name="hasIntegrationDefault" type="giBoolean"/>
   <attribute value="0" name="localized" type="giBoolean"/>
   <attribute value="CSHUNT" name="name" type="giString"/>
   <attribute value="0" name="simDefault" type="giString"/>
   <attribute value="used" name="state" type="giString"/>
   <attribute value="0" name="value" type="giString"/>
  </object>
  <object name="options" type="saOption" version="1">
   <attribute value="no" name="enabled" type="giString"/>
   <attribute value="0" name="hasIntegrationDefault" type="giBoolean"/>
   <attribute value="0" name="localized" type="giBoolean"/>
   <attribute value="DCIC" name="name" type="giString"/>
   <attribute value="1" name="simDefault" type="giString"/>
   <attribute value="used" name="state" type="giString"/>
   <attribute value="1" name="value" type="giString"/>
  </object>
  <object name="options" type="saOption" version="1">
   <attribute value="no" name="enabled" type="giString"/>
   <attribute value="0" name="hasIntegrationDefault" type="giBoolean"/>
   <attribute value="0" name="localized" type="giBoolean"/>
   <attribute value="GMIN" name="name" type="giString"/>
   <attribute value="1e-12" name="simDefault" type="giString"/>
   <attribute value="used" name="state" type="giString"/>
   <attribute value="1e-12" name="value" type="giString"/>
  </object>
  <object name="options" type="saOption" version="1">
   <attribute value="no" name="enabled" type="giString"/>
   <attribute value="0" name="hasIntegrationDefault" type="giBoolean"/>
   <attribute value="0" name="localized" type="giBoolean"/>
   <attribute value="GMINDC" name="name" type="giString"/>
   <attribute value="1e-12" name="simDefault" type="giString"/>
   <attribute value="used" name="state" type="giString"/>
   <attribute value="1e-12" name="value" type="giString"/>
  </object>
  <object name="options" type="saOption" version="1">
   <attribute value="no" name="enabled" type="giString"/>
   <attribute value="0" name="hasIntegrationDefault" type="giBoolean"/>
   <attribute value="0" name="localized" type="giBoolean"/>
   <attribute value="GRAMP" name="name" type="giString"/>
   <attribute value="0" name="simDefault" type="giString"/>
   <attribute value="used" name="state" type="giString"/>
   <attribute value="0" name="value" type="giString"/>
  </object>
  <object name="options" type="saOption" version="1">
   <attribute value="no" name="enabled" type="giString"/>
   <attribute value="0" name="hasIntegrationDefault" type="giBoolean"/>
   <attribute value="0" name="localized" type="giBoolean"/>
   <attribute value="GSHUNT" name="name" type="giString"/>
   <attribute value="0" name="simDefault" type="giString"/>
   <attribute value="used" name="state" type="giString"/>
   <attribute value="0" name="value" type="giString"/>
  </object>
  <object name="options" type="saOption" version="1">
   <attribute value="no" name="enabled" type="giString"/>
   <attribute value="0" name="hasIntegrationDefault" type="giBoolean"/>
   <attribute value="0" name="localized" type="giBoolean"/>
   <attribute value="HIER_SCALE" name="name" type="giString"/>
   <attribute value="0" name="simDefault" type="giString"/>
   <attribute value="used" name="state" type="giString"/>
   <attribute value="0" name="value" type="giString"/>
  </object>
  <object name="options" type="saOption" version="1">
   <attribute value="no" name="enabled" type="giString"/>
   <attribute value="0" name="hasIntegrationDefault" type="giBoolean"/>
   <attribute value="0" name="localized" type="giBoolean"/>
   <attribute value="ITL1" name="name" type="giString"/>
   <attribute value="200" name="simDefault" type="giString"/>
   <attribute value="used" name="state" type="giString"/>
   <attribute value="200" name="value" type="giString"/>
  </object>
  <object name="options" type="saOption" version="1">
   <attribute value="no" name="enabled" type="giString"/>
   <attribute value="0" name="hasIntegrationDefault" type="giBoolean"/>
   <attribute value="0" name="localized" type="giBoolean"/>
   <attribute value="MACMOD" name="name" type="giString"/>
   <attribute value="0" name="simDefault" type="giString"/>
   <attribute value="used" name="state" type="giString"/>
   <attribute value="0" name="value" type="giString"/>
  </object>
  <object name="options" type="saOption" version="1">
   <attribute value="no" name="enabled" type="giString"/>
   <attribute value="0" name="hasIntegrationDefault" type="giBoolean"/>
   <attribute value="0" name="localized" type="giBoolean"/>
   <attribute value="MEASDGT" name="name" type="giString"/>
   <attribute value="4" name="simDefault" type="giString"/>
   <attribute value="used" name="state" type="giString"/>
   <attribute value="4" name="value" type="giString"/>
  </object>
  <object name="options" type="saOption" version="1">
   <attribute value="no" name="enabled" type="giString"/>
   <attribute value="0" name="hasIntegrationDefault" type="giBoolean"/>
   <attribute value="0" name="localized" type="giBoolean"/>
   <attribute value="NUMDGT" name="name" type="giString"/>
   <attribute value="4" name="simDefault" type="giString"/>
   <attribute value="used" name="state" type="giString"/>
   <attribute value="4" name="value" type="giString"/>
  </object>
  <object name="options" type="saOption" version="1">
   <attribute value="no" name="enabled" type="giString"/>
   <attribute value="0" name="hasIntegrationDefault" type="giBoolean"/>
   <attribute value="0" name="localized" type="giBoolean"/>
   <attribute value="POST_VERSION" name="name" type="giString"/>
   <attribute value="9601" name="simDefault" type="giString"/>
   <attribute value="used" name="state" type="giString"/>
   <attribute value="9601" name="value" type="giString"/>
  </object>
  <object name="options" type="saOption" version="1">
   <attribute value="no" name="enabled" type="giString"/>
   <attribute value="0" name="hasIntegrationDefault" type="giBoolean"/>
   <attribute value="0" name="localized" type="giBoolean"/>
   <attribute value="SCALE" name="name" type="giString"/>
   <attribute value="1.00" name="simDefault" type="giString"/>
   <attribute value="used" name="state" type="giString"/>
   <attribute value="1.00" name="value" type="giString"/>
  </object>
  <object name="options" type="saOption" version="1">
   <attribute value="no" name="enabled" type="giString"/>
   <attribute value="0" name="hasIntegrationDefault" type="giBoolean"/>
   <attribute value="0" name="localized" type="giBoolean"/>
   <attribute value="SCALM" name="name" type="giString"/>
   <attribute value="1" name="simDefault" type="giString"/>
   <attribute value="used" name="state" type="giString"/>
   <attribute value="1" name="value" type="giString"/>
  </object>
  <object name="options" type="saOption" version="1">
   <attribute value="no" name="enabled" type="giString"/>
   <attribute value="0" name="hasIntegrationDefault" type="giBoolean"/>
   <attribute value="0" name="localized" type="giBoolean"/>
   <attribute value="TNOM" name="name" type="giString"/>
   <attribute value="25" name="simDefault" type="giString"/>
   <attribute value="used" name="state" type="giString"/>
   <attribute value="25" name="value" type="giString"/>
  </object>
  <object name="options" type="saOption" version="1">
   <attribute value="no" name="enabled" type="giString"/>
   <attribute value="0" name="hasIntegrationDefault" type="giBoolean"/>
   <attribute value="0" name="localized" type="giBoolean"/>
   <attribute value="UNWRAP" name="name" type="giString"/>
   <attribute value="0" name="simDefault" type="giString"/>
   <attribute value="used" name="state" type="giString"/>
   <attribute value="0" name="value" type="giString"/>
  </object>
  <object name="options" type="saOption" version="1">
   <attribute value="no" name="enabled" type="giString"/>
   <attribute value="1" name="hasIntegrationDefault" type="giBoolean"/>
   <attribute value="0" name="localized" type="giBoolean"/>
   <attribute value="PARHIER" name="name" type="giString"/>
   <attribute value="GLOBAL" name="simDefault" type="giString"/>
   <attribute value="used" name="state" type="giString"/>
   <attribute value="LOCAL" name="value" type="giString"/>
  </object>
  <object name="options" type="saOption" version="1">
   <attribute value="no" name="enabled" type="giString"/>
   <attribute value="0" name="hasIntegrationDefault" type="giBoolean"/>
   <attribute value="0" name="localized" type="giBoolean"/>
   <attribute value="otherOptions" name="name" type="giString"/>
   <attribute value="" name="simDefault" type="giString"/>
   <attribute value="used" name="state" type="giString"/>
   <attribute value="" name="value" type="giString"/>
  </object>
  <object name="options" type="saOption" version="1">
   <attribute value="no" name="enabled" type="giString"/>
   <attribute value="0" name="hasIntegrationDefault" type="giBoolean"/>
   <attribute value="0" name="localized" type="giBoolean"/>
   <attribute value="ASPEC" name="name" type="giString"/>
   <attribute value="0" name="simDefault" type="giString"/>
   <attribute value="used" name="state" type="giString"/>
   <attribute value="0" name="value" type="giString"/>
  </object>
  <object name="options" type="saOption" version="1">
   <attribute value="no" name="enabled" type="giString"/>
   <attribute value="0" name="hasIntegrationDefault" type="giBoolean"/>
   <attribute value="0" name="localized" type="giBoolean"/>
   <attribute value="DCAP" name="name" type="giString"/>
   <attribute value="2" name="simDefault" type="giString"/>
   <attribute value="used" name="state" type="giString"/>
   <attribute value="2" name="value" type="giString"/>
  </object>
  <object name="options" type="saOption" version="1">
   <attribute value="no" name="enabled" type="giString"/>
   <attribute value="0" name="hasIntegrationDefault" type="giBoolean"/>
   <attribute value="0" name="localized" type="giBoolean"/>
   <attribute value="DEFAD" name="name" type="giString"/>
   <attribute value="0" name="simDefault" type="giString"/>
   <attribute value="used" name="state" type="giString"/>
   <attribute value="0" name="value" type="giString"/>
  </object>
  <object name="options" type="saOption" version="1">
   <attribute value="no" name="enabled" type="giString"/>
   <attribute value="0" name="hasIntegrationDefault" type="giBoolean"/>
   <attribute value="0" name="localized" type="giBoolean"/>
   <attribute value="DEFAS" name="name" type="giString"/>
   <attribute value="0" name="simDefault" type="giString"/>
   <attribute value="used" name="state" type="giString"/>
   <attribute value="0" name="value" type="giString"/>
  </object>
  <object name="options" type="saOption" version="1">
   <attribute value="no" name="enabled" type="giString"/>
   <attribute value="0" name="hasIntegrationDefault" type="giBoolean"/>
   <attribute value="0" name="localized" type="giBoolean"/>
   <attribute value="DEFL" name="name" type="giString"/>
   <attribute value="1e-4m" name="simDefault" type="giString"/>
   <attribute value="used" name="state" type="giString"/>
   <attribute value="1e-4m" name="value" type="giString"/>
  </object>
  <object name="options" type="saOption" version="1">
   <attribute value="no" name="enabled" type="giString"/>
   <attribute value="0" name="hasIntegrationDefault" type="giBoolean"/>
   <attribute value="0" name="localized" type="giBoolean"/>
   <attribute value="DEFNRD" name="name" type="giString"/>
   <attribute value="0" name="simDefault" type="giString"/>
   <attribute value="used" name="state" type="giString"/>
   <attribute value="0" name="value" type="giString"/>
  </object>
  <object name="options" type="saOption" version="1">
   <attribute value="no" name="enabled" type="giString"/>
   <attribute value="0" name="hasIntegrationDefault" type="giBoolean"/>
   <attribute value="0" name="localized" type="giBoolean"/>
   <attribute value="DEFNRS" name="name" type="giString"/>
   <attribute value="0" name="simDefault" type="giString"/>
   <attribute value="used" name="state" type="giString"/>
   <attribute value="0" name="value" type="giString"/>
  </object>
  <object name="options" type="saOption" version="1">
   <attribute value="no" name="enabled" type="giString"/>
   <attribute value="0" name="hasIntegrationDefault" type="giBoolean"/>
   <attribute value="0" name="localized" type="giBoolean"/>
   <attribute value="DEFPD" name="name" type="giString"/>
   <attribute value="0" name="simDefault" type="giString"/>
   <attribute value="used" name="state" type="giString"/>
   <attribute value="0" name="value" type="giString"/>
  </object>
  <object name="options" type="saOption" version="1">
   <attribute value="no" name="enabled" type="giString"/>
   <attribute value="0" name="hasIntegrationDefault" type="giBoolean"/>
   <attribute value="0" name="localized" type="giBoolean"/>
   <attribute value="DEFPS" name="name" type="giString"/>
   <attribute value="0" name="simDefault" type="giString"/>
   <attribute value="used" name="state" type="giString"/>
   <attribute value="0" name="value" type="giString"/>
  </object>
  <object name="options" type="saOption" version="1">
   <attribute value="no" name="enabled" type="giString"/>
   <attribute value="0" name="hasIntegrationDefault" type="giBoolean"/>
   <attribute value="0" name="localized" type="giBoolean"/>
   <attribute value="DEFW" name="name" type="giString"/>
   <attribute value="1e-4m" name="simDefault" type="giString"/>
   <attribute value="used" name="state" type="giString"/>
   <attribute value="1e-4m" name="value" type="giString"/>
  </object>
  <object name="options" type="saOption" version="1">
   <attribute value="no" name="enabled" type="giString"/>
   <attribute value="0" name="hasIntegrationDefault" type="giBoolean"/>
   <attribute value="0" name="localized" type="giBoolean"/>
   <attribute value="GEOSHRINK" name="name" type="giString"/>
   <attribute value="0" name="simDefault" type="giString"/>
   <attribute value="used" name="state" type="giString"/>
   <attribute value="0" name="value" type="giString"/>
  </object>
  <object name="options" type="saOption" version="1">
   <attribute value="no" name="enabled" type="giString"/>
   <attribute value="0" name="hasIntegrationDefault" type="giBoolean"/>
   <attribute value="0" name="localized" type="giBoolean"/>
   <attribute value="INTERP" name="name" type="giString"/>
   <attribute value="0" name="simDefault" type="giString"/>
   <attribute value="used" name="state" type="giString"/>
   <attribute value="0" name="value" type="giString"/>
  </object>
  <object name="options" type="saOption" version="1">
   <attribute value="no" name="enabled" type="giString"/>
   <attribute value="0" name="hasIntegrationDefault" type="giBoolean"/>
   <attribute value="0" name="localized" type="giBoolean"/>
   <attribute value="IMIN" name="name" type="giString"/>
   <attribute value="3.0" name="simDefault" type="giString"/>
   <attribute value="used" name="state" type="giString"/>
   <attribute value="3.0" name="value" type="giString"/>
  </object>
  <object name="options" type="saOption" version="1">
   <attribute value="no" name="enabled" type="giString"/>
   <attribute value="0" name="hasIntegrationDefault" type="giBoolean"/>
   <attribute value="0" name="localized" type="giBoolean"/>
   <attribute value="IMAX" name="name" type="giString"/>
   <attribute value="8.0" name="simDefault" type="giString"/>
   <attribute value="used" name="state" type="giString"/>
   <attribute value="8.0" name="value" type="giString"/>
  </object>
  <object name="options" type="saOption" version="1">
   <attribute value="no" name="enabled" type="giString"/>
   <attribute value="0" name="hasIntegrationDefault" type="giBoolean"/>
   <attribute value="0" name="localized" type="giBoolean"/>
   <attribute value="RISETIME" name="name" type="giString"/>
   <attribute value="" name="simDefault" type="giString"/>
   <attribute value="used" name="state" type="giString"/>
   <attribute value="" name="value" type="giString"/>
  </object>
  <object name="options" type="saOption" version="1">
   <attribute value="no" name="enabled" type="giString"/>
   <attribute value="0" name="hasIntegrationDefault" type="giBoolean"/>
   <attribute value="0" name="localized" type="giBoolean"/>
   <attribute value="finesim_allow_dup_port" name="name" type="giString"/>
   <attribute value="0" name="simDefault" type="giString"/>
   <attribute value="used" name="state" type="giString"/>
   <attribute value="0" name="value" type="giString"/>
  </object>
  <object name="options" type="saOption" version="1">
   <attribute value="no" name="enabled" type="giString"/>
   <attribute value="0" name="hasIntegrationDefault" type="giBoolean"/>
   <attribute value="0" name="localized" type="giBoolean"/>
   <attribute value="finesim_bisection_output" name="name" type="giString"/>
   <attribute value="1" name="simDefault" type="giString"/>
   <attribute value="used" name="state" type="giString"/>
   <attribute value="1" name="value" type="giString"/>
  </object>
  <object name="options" type="saOption" version="1">
   <attribute value="no" name="enabled" type="giString"/>
   <attribute value="0" name="hasIntegrationDefault" type="giBoolean"/>
   <attribute value="0" name="localized" type="giBoolean"/>
   <attribute value="finesim_check_model" name="name" type="giString"/>
   <attribute value="0" name="simDefault" type="giString"/>
   <attribute value="used" name="state" type="giString"/>
   <attribute value="0" name="value" type="giString"/>
  </object>
  <object name="options" type="saOption" version="1">
   <attribute value="no" name="enabled" type="giString"/>
   <attribute value="0" name="hasIntegrationDefault" type="giBoolean"/>
   <attribute value="0" name="localized" type="giBoolean"/>
   <attribute value="finesim_check_vth" name="name" type="giString"/>
   <attribute value="1" name="simDefault" type="giString"/>
   <attribute value="used" name="state" type="giString"/>
   <attribute value="1" name="value" type="giString"/>
  </object>
  <object name="options" type="saOption" version="1">
   <attribute value="no" name="enabled" type="giString"/>
   <attribute value="0" name="hasIntegrationDefault" type="giBoolean"/>
   <attribute value="0" name="localized" type="giBoolean"/>
   <attribute value="finesim_chk_disk_space" name="name" type="giString"/>
   <attribute value="0" name="simDefault" type="giString"/>
   <attribute value="used" name="state" type="giString"/>
   <attribute value="0" name="value" type="giString"/>
  </object>
  <object name="options" type="saOption" version="1">
   <attribute value="no" name="enabled" type="giString"/>
   <attribute value="0" name="hasIntegrationDefault" type="giBoolean"/>
   <attribute value="0" name="localized" type="giBoolean"/>
   <attribute value="finesim_chkznode_vth" name="name" type="giString"/>
   <attribute value="0" name="simDefault" type="giString"/>
   <attribute value="used" name="state" type="giString"/>
   <attribute value="0" name="value" type="giString"/>
  </object>
  <object name="options" type="saOption" version="1">
   <attribute value="no" name="enabled" type="giString"/>
   <attribute value="0" name="hasIntegrationDefault" type="giBoolean"/>
   <attribute value="0" name="localized" type="giBoolean"/>
   <attribute value="finesim_clampVerilog" name="name" type="giString"/>
   <attribute value="0" name="simDefault" type="giString"/>
   <attribute value="used" name="state" type="giString"/>
   <attribute value="0" name="value" type="giString"/>
  </object>
  <object name="options" type="saOption" version="1">
   <attribute value="no" name="enabled" type="giString"/>
   <attribute value="0" name="hasIntegrationDefault" type="giBoolean"/>
   <attribute value="0" name="localized" type="giBoolean"/>
   <attribute value="finesim_convlevel" name="name" type="giString"/>
   <attribute value="0" name="simDefault" type="giString"/>
   <attribute value="used" name="state" type="giString"/>
   <attribute value="0" name="value" type="giString"/>
  </object>
  <object name="options" type="saOption" version="1">
   <attribute value="no" name="enabled" type="giString"/>
   <attribute value="0" name="hasIntegrationDefault" type="giBoolean"/>
   <attribute value="0" name="localized" type="giBoolean"/>
   <attribute value="finesim_detect_lvdd_static" name="name" type="giString"/>
   <attribute value="" name="simDefault" type="giString"/>
   <attribute value="used" name="state" type="giString"/>
   <attribute value="" name="value" type="giString"/>
  </object>
  <object name="options" type="saOption" version="1">
   <attribute value="no" name="enabled" type="giString"/>
   <attribute value="0" name="hasIntegrationDefault" type="giBoolean"/>
   <attribute value="0" name="localized" type="giBoolean"/>
   <attribute value="finesim_fcapmodel" name="name" type="giString"/>
   <attribute value="1" name="simDefault" type="giString"/>
   <attribute value="used" name="state" type="giString"/>
   <attribute value="1" name="value" type="giString"/>
  </object>
  <object name="options" type="saOption" version="1">
   <attribute value="no" name="enabled" type="giString"/>
   <attribute value="0" name="hasIntegrationDefault" type="giBoolean"/>
   <attribute value="0" name="localized" type="giBoolean"/>
   <attribute value="finesim_floating_gate_gshunt" name="name" type="giString"/>
   <attribute value="0" name="simDefault" type="giString"/>
   <attribute value="used" name="state" type="giString"/>
   <attribute value="0" name="value" type="giString"/>
  </object>
  <object name="options" type="saOption" version="1">
   <attribute value="no" name="enabled" type="giString"/>
   <attribute value="0" name="hasIntegrationDefault" type="giBoolean"/>
   <attribute value="0" name="localized" type="giBoolean"/>
   <attribute value="finesim_fsc_auto_detect" name="name" type="giString"/>
   <attribute value="" name="simDefault" type="giString"/>
   <attribute value="used" name="state" type="giString"/>
   <attribute value="" name="value" type="giString"/>
  </object>
  <object name="options" type="saOption" version="1">
   <attribute value="no" name="enabled" type="giString"/>
   <attribute value="0" name="hasIntegrationDefault" type="giBoolean"/>
   <attribute value="0" name="localized" type="giBoolean"/>
   <attribute value="finesim_fsc_vdd" name="name" type="giString"/>
   <attribute value="" name="simDefault" type="giString"/>
   <attribute value="used" name="state" type="giString"/>
   <attribute value="" name="value" type="giString"/>
  </object>
  <object name="options" type="saOption" version="1">
   <attribute value="no" name="enabled" type="giString"/>
   <attribute value="0" name="hasIntegrationDefault" type="giBoolean"/>
   <attribute value="0" name="localized" type="giBoolean"/>
   <attribute value="finesim_goff" name="name" type="giString"/>
   <attribute value="" name="simDefault" type="giString"/>
   <attribute value="used" name="state" type="giString"/>
   <attribute value="" name="value" type="giString"/>
  </object>
  <object name="options" type="saOption" version="1">
   <attribute value="no" name="enabled" type="giString"/>
   <attribute value="0" name="hasIntegrationDefault" type="giBoolean"/>
   <attribute value="0" name="localized" type="giBoolean"/>
   <attribute value="finesim_ignore_subblk_option_error" name="name" type="giString"/>
   <attribute value="0" name="simDefault" type="giString"/>
   <attribute value="used" name="state" type="giString"/>
   <attribute value="0" name="value" type="giString"/>
  </object>
  <object name="options" type="saOption" version="1">
   <attribute value="no" name="enabled" type="giString"/>
   <attribute value="0" name="hasIntegrationDefault" type="giBoolean"/>
   <attribute value="0" name="localized" type="giBoolean"/>
   <attribute value="finesim_irem_rms" name="name" type="giString"/>
   <attribute value="0" name="simDefault" type="giString"/>
   <attribute value="used" name="state" type="giString"/>
   <attribute value="0" name="value" type="giString"/>
  </object>
  <object name="options" type="saOption" version="1">
   <attribute value="no" name="enabled" type="giString"/>
   <attribute value="0" name="hasIntegrationDefault" type="giBoolean"/>
   <attribute value="0" name="localized" type="giBoolean"/>
   <attribute value="finesim_keepzeroparms" name="name" type="giString"/>
   <attribute value="0" name="simDefault" type="giString"/>
   <attribute value="used" name="state" type="giString"/>
   <attribute value="0" name="value" type="giString"/>
  </object>
  <object name="options" type="saOption" version="1">
   <attribute value="no" name="enabled" type="giString"/>
   <attribute value="0" name="hasIntegrationDefault" type="giBoolean"/>
   <attribute value="0" name="localized" type="giBoolean"/>
   <attribute value="finesim_max_width_tol" name="name" type="giString"/>
   <attribute value="" name="simDefault" type="giString"/>
   <attribute value="used" name="state" type="giString"/>
   <attribute value="" name="value" type="giString"/>
  </object>
  <object name="options" type="saOption" version="1">
   <attribute value="no" name="enabled" type="giString"/>
   <attribute value="0" name="hasIntegrationDefault" type="giBoolean"/>
   <attribute value="0" name="localized" type="giBoolean"/>
   <attribute value="finesim_model_verification_mode" name="name" type="giString"/>
   <attribute value="0" name="simDefault" type="giString"/>
   <attribute value="used" name="state" type="giString"/>
   <attribute value="0" name="value" type="giString"/>
  </object>
  <object name="options" type="saOption" version="1">
   <attribute value="no" name="enabled" type="giString"/>
   <attribute value="0" name="hasIntegrationDefault" type="giBoolean"/>
   <attribute value="0" name="localized" type="giBoolean"/>
   <attribute value="finesim_negres" name="name" type="giString"/>
   <attribute value="1" name="simDefault" type="giString"/>
   <attribute value="used" name="state" type="giString"/>
   <attribute value="1" name="value" type="giString"/>
  </object>
  <object name="options" type="saOption" version="1">
   <attribute value="no" name="enabled" type="giString"/>
   <attribute value="0" name="hasIntegrationDefault" type="giBoolean"/>
   <attribute value="0" name="localized" type="giBoolean"/>
   <attribute value="finesim_rpitft_mode" name="name" type="giString"/>
   <attribute value="0" name="simDefault" type="giString"/>
   <attribute value="used" name="state" type="giString"/>
   <attribute value="0" name="value" type="giString"/>
  </object>
  <object name="options" type="saOption" version="1">
   <attribute value="no" name="enabled" type="giString"/>
   <attribute value="0" name="hasIntegrationDefault" type="giBoolean"/>
   <attribute value="0" name="localized" type="giBoolean"/>
   <attribute value="finesim_set_cpu_time" name="name" type="giString"/>
   <attribute value="" name="simDefault" type="giString"/>
   <attribute value="used" name="state" type="giString"/>
   <attribute value="" name="value" type="giString"/>
  </object>
  <object name="options" type="saOption" version="1">
   <attribute value="no" name="enabled" type="giString"/>
   <attribute value="0" name="hasIntegrationDefault" type="giBoolean"/>
   <attribute value="0" name="localized" type="giBoolean"/>
   <attribute value="finesim_single_bin_model_check" name="name" type="giString"/>
   <attribute value="0" name="simDefault" type="giString"/>
   <attribute value="used" name="state" type="giString"/>
   <attribute value="0" name="value" type="giString"/>
  </object>
  <object name="options" type="saOption" version="1">
   <attribute value="no" name="enabled" type="giString"/>
   <attribute value="0" name="hasIntegrationDefault" type="giBoolean"/>
   <attribute value="0" name="localized" type="giBoolean"/>
   <attribute value="finesim_skip_unused_param" name="name" type="giString"/>
   <attribute value="0" name="simDefault" type="giString"/>
   <attribute value="used" name="state" type="giString"/>
   <attribute value="0" name="value" type="giString"/>
  </object>
  <object name="options" type="saOption" version="1">
   <attribute value="no" name="enabled" type="giString"/>
   <attribute value="0" name="hasIntegrationDefault" type="giBoolean"/>
   <attribute value="0" name="localized" type="giBoolean"/>
   <attribute value="finesim_subckt_dup_rule" name="name" type="giString"/>
   <attribute value="0" name="simDefault" type="giString"/>
   <attribute value="used" name="state" type="giString"/>
   <attribute value="0" name="value" type="giString"/>
  </object>
  <object name="options" type="saOption" version="1">
   <attribute value="no" name="enabled" type="giString"/>
   <attribute value="0" name="hasIntegrationDefault" type="giBoolean"/>
   <attribute value="0" name="localized" type="giBoolean"/>
   <attribute value="finesim_vector_mode" name="name" type="giString"/>
   <attribute value="0" name="simDefault" type="giString"/>
   <attribute value="used" name="state" type="giString"/>
   <attribute value="0" name="value" type="giString"/>
  </object>
  <object name="options" type="saOption" version="1">
   <attribute value="no" name="enabled" type="giString"/>
   <attribute value="0" name="hasIntegrationDefault" type="giBoolean"/>
   <attribute value="0" name="localized" type="giBoolean"/>
   <attribute value="finesim_warn_limit" name="name" type="giString"/>
   <attribute value="0" name="simDefault" type="giString"/>
   <attribute value="used" name="state" type="giString"/>
   <attribute value="0" name="value" type="giString"/>
  </object>
  <object name="options" type="saOption" version="1">
   <attribute value="no" name="enabled" type="giString"/>
   <attribute value="0" name="hasIntegrationDefault" type="giBoolean"/>
   <attribute value="0" name="localized" type="giBoolean"/>
   <attribute value="finesim_write_instance_table" name="name" type="giString"/>
   <attribute value="0" name="simDefault" type="giString"/>
   <attribute value="used" name="state" type="giString"/>
   <attribute value="0" name="value" type="giString"/>
  </object>
  <object name="options" type="saOption" version="1">
   <attribute value="no" name="enabled" type="giString"/>
   <attribute value="0" name="hasIntegrationDefault" type="giBoolean"/>
   <attribute value="1" name="localized" type="giBoolean"/>
   <attribute value="finesim_mode" name="name" type="giString"/>
   <attribute value="spicead" name="simDefault" type="giString"/>
   <attribute value="used" name="state" type="giString"/>
   <attribute value="spicead" name="value" type="giString"/>
  </object>
  <object name="options" type="saOption" version="1">
   <attribute value="no" name="enabled" type="giString"/>
   <attribute value="0" name="hasIntegrationDefault" type="giBoolean"/>
   <attribute value="0" name="localized" type="giBoolean"/>
   <attribute value="finesim_c_model" name="name" type="giString"/>
   <attribute value="" name="simDefault" type="giString"/>
   <attribute value="used" name="state" type="giString"/>
   <attribute value="" name="value" type="giString"/>
  </object>
  <object name="options" type="saOption" version="1">
   <attribute value="no" name="enabled" type="giString"/>
   <attribute value="0" name="hasIntegrationDefault" type="giBoolean"/>
   <attribute value="0" name="localized" type="giBoolean"/>
   <attribute value="finesim_dcalg" name="name" type="giString"/>
   <attribute value="0" name="simDefault" type="giString"/>
   <attribute value="used" name="state" type="giString"/>
   <attribute value="0" name="value" type="giString"/>
  </object>
  <object name="options" type="saOption" version="1">
   <attribute value="no" name="enabled" type="giString"/>
   <attribute value="0" name="hasIntegrationDefault" type="giBoolean"/>
   <attribute value="0" name="localized" type="giBoolean"/>
   <attribute value="finesim_dceffort" name="name" type="giString"/>
   <attribute value="1" name="simDefault" type="giString"/>
   <attribute value="used" name="state" type="giString"/>
   <attribute value="1" name="value" type="giString"/>
  </object>
  <object name="options" type="saOption" version="1">
   <attribute value="no" name="enabled" type="giString"/>
   <attribute value="0" name="hasIntegrationDefault" type="giBoolean"/>
   <attribute value="0" name="localized" type="giBoolean"/>
   <attribute value="finesim_gen_ic_op" name="name" type="giString"/>
   <attribute value="0" name="simDefault" type="giString"/>
   <attribute value="used" name="state" type="giString"/>
   <attribute value="0" name="value" type="giString"/>
  </object>
  <object name="options" type="saOption" version="1">
   <attribute value="no" name="enabled" type="giString"/>
   <attribute value="0" name="hasIntegrationDefault" type="giBoolean"/>
   <attribute value="0" name="localized" type="giBoolean"/>
   <attribute value="finesim_gic" name="name" type="giString"/>
   <attribute value="1e10" name="simDefault" type="giString"/>
   <attribute value="used" name="state" type="giString"/>
   <attribute value="1e10" name="value" type="giString"/>
  </object>
  <object name="options" type="saOption" version="1">
   <attribute value="no" name="enabled" type="giString"/>
   <attribute value="0" name="hasIntegrationDefault" type="giBoolean"/>
   <attribute value="0" name="localized" type="giBoolean"/>
   <attribute value="finesim_keep_0v_dcvs_op" name="name" type="giString"/>
   <attribute value="0" name="simDefault" type="giString"/>
   <attribute value="used" name="state" type="giString"/>
   <attribute value="0" name="value" type="giString"/>
  </object>
  <object name="options" type="saOption" version="1">
   <attribute value="no" name="enabled" type="giString"/>
   <attribute value="0" name="hasIntegrationDefault" type="giBoolean"/>
   <attribute value="0" name="localized" type="giBoolean"/>
   <attribute value="finesim_keep_0v_dcvs" name="name" type="giString"/>
   <attribute value="0" name="simDefault" type="giString"/>
   <attribute value="used" name="state" type="giString"/>
   <attribute value="0" name="value" type="giString"/>
  </object>
  <object name="options" type="saOption" version="1">
   <attribute value="no" name="enabled" type="giString"/>
   <attribute value="0" name="hasIntegrationDefault" type="giBoolean"/>
   <attribute value="0" name="localized" type="giBoolean"/>
   <attribute value="finesim_bisection_summary" name="name" type="giString"/>
   <attribute value="1" name="simDefault" type="giString"/>
   <attribute value="used" name="state" type="giString"/>
   <attribute value="1" name="value" type="giString"/>
  </object>
  <object name="options" type="saOption" version="1">
   <attribute value="no" name="enabled" type="giString"/>
   <attribute value="0" name="hasIntegrationDefault" type="giBoolean"/>
   <attribute value="0" name="localized" type="giBoolean"/>
   <attribute value="finesim_chk_devport" name="name" type="giString"/>
   <attribute value="0" name="simDefault" type="giString"/>
   <attribute value="used" name="state" type="giString"/>
   <attribute value="0" name="value" type="giString"/>
  </object>
  <object name="options" type="saOption" version="1">
   <attribute value="no" name="enabled" type="giString"/>
   <attribute value="0" name="hasIntegrationDefault" type="giBoolean"/>
   <attribute value="0" name="localized" type="giBoolean"/>
   <attribute value="finesim_double_precision_output" name="name" type="giString"/>
   <attribute value="0" name="simDefault" type="giString"/>
   <attribute value="used" name="state" type="giString"/>
   <attribute value="0" name="value" type="giString"/>
  </object>
  <object name="options" type="saOption" version="1">
   <attribute value="no" name="enabled" type="giString"/>
   <attribute value="0" name="hasIntegrationDefault" type="giBoolean"/>
   <attribute value="0" name="localized" type="giBoolean"/>
   <attribute value="finesim_dpfadddev" name="name" type="giString"/>
   <attribute value="0" name="simDefault" type="giString"/>
   <attribute value="used" name="state" type="giString"/>
   <attribute value="0" name="value" type="giString"/>
  </object>
  <object name="options" type="saOption" version="1">
   <attribute value="no" name="enabled" type="giString"/>
   <attribute value="0" name="hasIntegrationDefault" type="giBoolean"/>
   <attribute value="0" name="localized" type="giBoolean"/>
   <attribute value="finesim_dpfhdiv" name="name" type="giString"/>
   <attribute value="/" name="simDefault" type="giString"/>
   <attribute value="used" name="state" type="giString"/>
   <attribute value="/" name="value" type="giString"/>
  </object>
  <object name="options" type="saOption" version="1">
   <attribute value="no" name="enabled" type="giString"/>
   <attribute value="0" name="hasIntegrationDefault" type="giBoolean"/>
   <attribute value="0" name="localized" type="giBoolean"/>
   <attribute value="finesim_dpfprefix" name="name" type="giString"/>
   <attribute value="" name="simDefault" type="giString"/>
   <attribute value="used" name="state" type="giString"/>
   <attribute value="" name="value" type="giString"/>
  </object>
  <object name="options" type="saOption" version="1">
   <attribute value="no" name="enabled" type="giString"/>
   <attribute value="0" name="hasIntegrationDefault" type="giBoolean"/>
   <attribute value="0" name="localized" type="giBoolean"/>
   <attribute value="finesim_dpfscale" name="name" type="giString"/>
   <attribute value="1" name="simDefault" type="giString"/>
   <attribute value="used" name="state" type="giString"/>
   <attribute value="1" name="value" type="giString"/>
  </object>
  <object name="options" type="saOption" version="1">
   <attribute value="no" name="enabled" type="giString"/>
   <attribute value="0" name="hasIntegrationDefault" type="giBoolean"/>
   <attribute value="0" name="localized" type="giBoolean"/>
   <attribute value="finesim_dpfsuffix" name="name" type="giString"/>
   <attribute value="" name="simDefault" type="giString"/>
   <attribute value="used" name="state" type="giString"/>
   <attribute value="" name="value" type="giString"/>
  </object>
  <object name="options" type="saOption" version="1">
   <attribute value="no" name="enabled" type="giString"/>
   <attribute value="0" name="hasIntegrationDefault" type="giBoolean"/>
   <attribute value="0" name="localized" type="giBoolean"/>
   <attribute value="finesim_dpf" name="name" type="giString"/>
   <attribute value="" name="simDefault" type="giString"/>
   <attribute value="used" name="state" type="giString"/>
   <attribute value="" name="value" type="giString"/>
  </object>
  <object name="options" type="saOption" version="1">
   <attribute value="no" name="enabled" type="giString"/>
   <attribute value="0" name="hasIntegrationDefault" type="giBoolean"/>
   <attribute value="0" name="localized" type="giBoolean"/>
   <attribute value="finesim_dpf_mos_only" name="name" type="giString"/>
   <attribute value="" name="simDefault" type="giString"/>
   <attribute value="used" name="state" type="giString"/>
   <attribute value="" name="value" type="giString"/>
  </object>
  <object name="options" type="saOption" version="1">
   <attribute value="no" name="enabled" type="giString"/>
   <attribute value="0" name="hasIntegrationDefault" type="giBoolean"/>
   <attribute value="0" name="localized" type="giBoolean"/>
   <attribute value="finesim_dpfmodule" name="name" type="giString"/>
   <attribute value="" name="simDefault" type="giString"/>
   <attribute value="used" name="state" type="giString"/>
   <attribute value="" name="value" type="giString"/>
  </object>
  <object name="options" type="saOption" version="1">
   <attribute value="no" name="enabled" type="giString"/>
   <attribute value="0" name="hasIntegrationDefault" type="giBoolean"/>
   <attribute value="0" name="localized" type="giBoolean"/>
   <attribute value="finesim_fsdb_limit" name="name" type="giString"/>
   <attribute value="0" name="simDefault" type="giString"/>
   <attribute value="used" name="state" type="giString"/>
   <attribute value="0" name="value" type="giString"/>
  </object>
  <object name="options" type="saOption" version="1">
   <attribute value="no" name="enabled" type="giString"/>
   <attribute value="0" name="hasIntegrationDefault" type="giBoolean"/>
   <attribute value="0" name="localized" type="giBoolean"/>
   <attribute value="finesim_fsdb_split_time" name="name" type="giString"/>
   <attribute value="" name="simDefault" type="giString"/>
   <attribute value="used" name="state" type="giString"/>
   <attribute value="" name="value" type="giString"/>
  </object>
  <object name="options" type="saOption" version="1">
   <attribute value="no" name="enabled" type="giString"/>
   <attribute value="0" name="hasIntegrationDefault" type="giBoolean"/>
   <attribute value="0" name="localized" type="giBoolean"/>
   <attribute value="finesim_ignore_chkfunc_error" name="name" type="giString"/>
   <attribute value="0" name="simDefault" type="giString"/>
   <attribute value="used" name="state" type="giString"/>
   <attribute value="0" name="value" type="giString"/>
  </object>
  <object name="options" type="saOption" version="1">
   <attribute value="no" name="enabled" type="giString"/>
   <attribute value="0" name="hasIntegrationDefault" type="giBoolean"/>
   <attribute value="0" name="localized" type="giBoolean"/>
   <attribute value="finesim_iovec_abs_value" name="name" type="giString"/>
   <attribute value="0" name="simDefault" type="giString"/>
   <attribute value="used" name="state" type="giString"/>
   <attribute value="0" name="value" type="giString"/>
  </object>
  <object name="options" type="saOption" version="1">
   <attribute value="no" name="enabled" type="giString"/>
   <attribute value="0" name="hasIntegrationDefault" type="giBoolean"/>
   <attribute value="0" name="localized" type="giBoolean"/>
   <attribute value="finesim_iovec_vih" name="name" type="giString"/>
   <attribute value="" name="simDefault" type="giString"/>
   <attribute value="used" name="state" type="giString"/>
   <attribute value="" name="value" type="giString"/>
  </object>
  <object name="options" type="saOption" version="1">
   <attribute value="no" name="enabled" type="giString"/>
   <attribute value="0" name="hasIntegrationDefault" type="giBoolean"/>
   <attribute value="0" name="localized" type="giBoolean"/>
   <attribute value="finesim_iovec_vil" name="name" type="giString"/>
   <attribute value="" name="simDefault" type="giString"/>
   <attribute value="used" name="state" type="giString"/>
   <attribute value="" name="value" type="giString"/>
  </object>
  <object name="options" type="saOption" version="1">
   <attribute value="no" name="enabled" type="giString"/>
   <attribute value="0" name="hasIntegrationDefault" type="giBoolean"/>
   <attribute value="0" name="localized" type="giBoolean"/>
   <attribute value="finesim_iprbtol" name="name" type="giString"/>
   <attribute value="1e-12" name="simDefault" type="giString"/>
   <attribute value="used" name="state" type="giString"/>
   <attribute value="1e-12" name="value" type="giString"/>
  </object>
  <object name="options" type="saOption" version="1">
   <attribute value="no" name="enabled" type="giString"/>
   <attribute value="0" name="hasIntegrationDefault" type="giBoolean"/>
   <attribute value="0" name="localized" type="giBoolean"/>
   <attribute value="finesim_maxicout" name="name" type="giString"/>
   <attribute value="1000000" name="simDefault" type="giString"/>
   <attribute value="used" name="state" type="giString"/>
   <attribute value="1000000" name="value" type="giString"/>
  </object>
  <object name="options" type="saOption" version="1">
   <attribute value="no" name="enabled" type="giString"/>
   <attribute value="0" name="hasIntegrationDefault" type="giBoolean"/>
   <attribute value="0" name="localized" type="giBoolean"/>
   <attribute value="finesim_measout" name="name" type="giString"/>
   <attribute value="0" name="simDefault" type="giString"/>
   <attribute value="used" name="state" type="giString"/>
   <attribute value="0" name="value" type="giString"/>
  </object>
  <object name="options" type="saOption" version="1">
   <attribute value="no" name="enabled" type="giString"/>
   <attribute value="0" name="hasIntegrationDefault" type="giBoolean"/>
   <attribute value="0" name="localized" type="giBoolean"/>
   <attribute value="finesim_mparcheck" name="name" type="giString"/>
   <attribute value="0" name="simDefault" type="giString"/>
   <attribute value="used" name="state" type="giString"/>
   <attribute value="0" name="value" type="giString"/>
  </object>
  <object name="options" type="saOption" version="1">
   <attribute value="no" name="enabled" type="giString"/>
   <attribute value="0" name="hasIntegrationDefault" type="giBoolean"/>
   <attribute value="0" name="localized" type="giBoolean"/>
   <attribute value="finesim_num_meas_log" name="name" type="giString"/>
   <attribute value="" name="simDefault" type="giString"/>
   <attribute value="used" name="state" type="giString"/>
   <attribute value="" name="value" type="giString"/>
  </object>
  <object name="options" type="saOption" version="1">
   <attribute value="no" name="enabled" type="giString"/>
   <attribute value="0" name="hasIntegrationDefault" type="giBoolean"/>
   <attribute value="0" name="localized" type="giBoolean"/>
   <attribute value="finesim_num_meas_per_line" name="name" type="giString"/>
   <attribute value="0" name="simDefault" type="giString"/>
   <attribute value="used" name="state" type="giString"/>
   <attribute value="0" name="value" type="giString"/>
  </object>
  <object name="options" type="saOption" version="1">
   <attribute value="no" name="enabled" type="giString"/>
   <attribute value="0" name="hasIntegrationDefault" type="giBoolean"/>
   <attribute value="0" name="localized" type="giBoolean"/>
   <attribute value="finesim_output_fname_type" name="name" type="giString"/>
   <attribute value="1" name="simDefault" type="giString"/>
   <attribute value="used" name="state" type="giString"/>
   <attribute value="1" name="value" type="giString"/>
  </object>
  <object name="options" type="saOption" version="1">
   <attribute value="no" name="enabled" type="giString"/>
   <attribute value="0" name="hasIntegrationDefault" type="giBoolean"/>
   <attribute value="0" name="localized" type="giBoolean"/>
   <attribute value="finesim_output_range" name="name" type="giString"/>
   <attribute value="" name="simDefault" type="giString"/>
   <attribute value="used" name="state" type="giString"/>
   <attribute value="" name="value" type="giString"/>
  </object>
  <object name="options" type="saOption" version="1">
   <attribute value="no" name="enabled" type="giString"/>
   <attribute value="0" name="hasIntegrationDefault" type="giBoolean"/>
   <attribute value="0" name="localized" type="giBoolean"/>
   <attribute value="finesim_prbexprvar" name="name" type="giString"/>
   <attribute value="1" name="simDefault" type="giString"/>
   <attribute value="used" name="state" type="giString"/>
   <attribute value="1" name="value" type="giString"/>
  </object>
  <object name="options" type="saOption" version="1">
   <attribute value="no" name="enabled" type="giString"/>
   <attribute value="0" name="hasIntegrationDefault" type="giBoolean"/>
   <attribute value="0" name="localized" type="giBoolean"/>
   <attribute value="finesim_prbport" name="name" type="giString"/>
   <attribute value="1" name="simDefault" type="giString"/>
   <attribute value="used" name="state" type="giString"/>
   <attribute value="1" name="value" type="giString"/>
  </object>
  <object name="options" type="saOption" version="1">
   <attribute value="no" name="enabled" type="giString"/>
   <attribute value="0" name="hasIntegrationDefault" type="giBoolean"/>
   <attribute value="0" name="localized" type="giBoolean"/>
   <attribute value="finesim_print_period" name="name" type="giString"/>
   <attribute value="" name="simDefault" type="giString"/>
   <attribute value="used" name="state" type="giString"/>
   <attribute value="" name="value" type="giString"/>
  </object>
  <object name="options" type="saOption" version="1">
   <attribute value="no" name="enabled" type="giString"/>
   <attribute value="0" name="hasIntegrationDefault" type="giBoolean"/>
   <attribute value="0" name="localized" type="giBoolean"/>
   <attribute value="finesim_print_to_probe" name="name" type="giString"/>
   <attribute value="0" name="simDefault" type="giString"/>
   <attribute value="used" name="state" type="giString"/>
   <attribute value="0" name="value" type="giString"/>
  </object>
  <object name="options" type="saOption" version="1">
   <attribute value="no" name="enabled" type="giString"/>
   <attribute value="0" name="hasIntegrationDefault" type="giBoolean"/>
   <attribute value="0" name="localized" type="giBoolean"/>
   <attribute value="finesim_probe_passive_device" name="name" type="giString"/>
   <attribute value="0" name="simDefault" type="giString"/>
   <attribute value="used" name="state" type="giString"/>
   <attribute value="0" name="value" type="giString"/>
  </object>
  <object name="options" type="saOption" version="1">
   <attribute value="no" name="enabled" type="giString"/>
   <attribute value="0" name="hasIntegrationDefault" type="giBoolean"/>
   <attribute value="0" name="localized" type="giBoolean"/>
   <attribute value="finesim_profile" name="name" type="giString"/>
   <attribute value="1" name="simDefault" type="giString"/>
   <attribute value="used" name="state" type="giString"/>
   <attribute value="1" name="value" type="giString"/>
  </object>
  <object name="options" type="saOption" version="1">
   <attribute value="no" name="enabled" type="giString"/>
   <attribute value="0" name="hasIntegrationDefault" type="giBoolean"/>
   <attribute value="0" name="localized" type="giBoolean"/>
   <attribute value="finesim_remove_probe_prefix" name="name" type="giString"/>
   <attribute value="0" name="simDefault" type="giString"/>
   <attribute value="used" name="state" type="giString"/>
   <attribute value="0" name="value" type="giString"/>
  </object>
  <object name="options" type="saOption" version="1">
   <attribute value="no" name="enabled" type="giString"/>
   <attribute value="0" name="hasIntegrationDefault" type="giBoolean"/>
   <attribute value="0" name="localized" type="giBoolean"/>
   <attribute value="finesim_set_special_char" name="name" type="giString"/>
   <attribute value="" name="simDefault" type="giString"/>
   <attribute value="used" name="state" type="giString"/>
   <attribute value="" name="value" type="giString"/>
  </object>
  <object name="options" type="saOption" version="1">
   <attribute value="no" name="enabled" type="giString"/>
   <attribute value="0" name="hasIntegrationDefault" type="giBoolean"/>
   <attribute value="0" name="localized" type="giBoolean"/>
   <attribute value="finesim_skipwarn" name="name" type="giString"/>
   <attribute value="" name="simDefault" type="giString"/>
   <attribute value="used" name="state" type="giString"/>
   <attribute value="" name="value" type="giString"/>
  </object>
  <object name="options" type="saOption" version="1">
   <attribute value="no" name="enabled" type="giString"/>
   <attribute value="0" name="hasIntegrationDefault" type="giBoolean"/>
   <attribute value="0" name="localized" type="giBoolean"/>
   <attribute value="finesim_spfinst" name="name" type="giString"/>
   <attribute value="0" name="simDefault" type="giString"/>
   <attribute value="used" name="state" type="giString"/>
   <attribute value="0" name="value" type="giString"/>
  </object>
  <object name="options" type="saOption" version="1">
   <attribute value="no" name="enabled" type="giString"/>
   <attribute value="0" name="hasIntegrationDefault" type="giBoolean"/>
   <attribute value="0" name="localized" type="giBoolean"/>
   <attribute value="finesim_spfprefix" name="name" type="giString"/>
   <attribute value="" name="simDefault" type="giString"/>
   <attribute value="used" name="state" type="giString"/>
   <attribute value="" name="value" type="giString"/>
  </object>
  <object name="options" type="saOption" version="1">
   <attribute value="no" name="enabled" type="giString"/>
   <attribute value="0" name="hasIntegrationDefault" type="giBoolean"/>
   <attribute value="0" name="localized" type="giBoolean"/>
   <attribute value="finesim_spfsuffix" name="name" type="giString"/>
   <attribute value="" name="simDefault" type="giString"/>
   <attribute value="used" name="state" type="giString"/>
   <attribute value="" name="value" type="giString"/>
  </object>
  <object name="options" type="saOption" version="1">
   <attribute value="no" name="enabled" type="giString"/>
   <attribute value="0" name="hasIntegrationDefault" type="giBoolean"/>
   <attribute value="0" name="localized" type="giBoolean"/>
   <attribute value="finesim_spfscale" name="name" type="giString"/>
   <attribute value="1" name="simDefault" type="giString"/>
   <attribute value="used" name="state" type="giString"/>
   <attribute value="1" name="value" type="giString"/>
  </object>
  <object name="options" type="saOption" version="1">
   <attribute value="no" name="enabled" type="giString"/>
   <attribute value="0" name="hasIntegrationDefault" type="giBoolean"/>
   <attribute value="0" name="localized" type="giBoolean"/>
   <attribute value="finesim_spfrmin" name="name" type="giString"/>
   <attribute value="0.01" name="simDefault" type="giString"/>
   <attribute value="used" name="state" type="giString"/>
   <attribute value="0.01" name="value" type="giString"/>
  </object>
  <object name="options" type="saOption" version="1">
   <attribute value="no" name="enabled" type="giString"/>
   <attribute value="0" name="hasIntegrationDefault" type="giBoolean"/>
   <attribute value="0" name="localized" type="giBoolean"/>
   <attribute value="finesim_spfrmax" name="name" type="giString"/>
   <attribute value="1.0e8" name="simDefault" type="giString"/>
   <attribute value="used" name="state" type="giString"/>
   <attribute value="1.0e8" name="value" type="giString"/>
  </object>
  <object name="options" type="saOption" version="1">
   <attribute value="no" name="enabled" type="giString"/>
   <attribute value="0" name="hasIntegrationDefault" type="giBoolean"/>
   <attribute value="0" name="localized" type="giBoolean"/>
   <attribute value="finesim_spffcmin" name="name" type="giString"/>
   <attribute value="0" name="simDefault" type="giString"/>
   <attribute value="used" name="state" type="giString"/>
   <attribute value="0" name="value" type="giString"/>
  </object>
  <object name="options" type="saOption" version="1">
   <attribute value="no" name="enabled" type="giString"/>
   <attribute value="0" name="hasIntegrationDefault" type="giBoolean"/>
   <attribute value="0" name="localized" type="giBoolean"/>
   <attribute value="finesim_spfred" name="name" type="giString"/>
   <attribute value="0" name="simDefault" type="giString"/>
   <attribute value="used" name="state" type="giString"/>
   <attribute value="0" name="value" type="giString"/>
  </object>
  <object name="options" type="saOption" version="1">
   <attribute value="no" name="enabled" type="giString"/>
   <attribute value="1" name="hasIntegrationDefault" type="giBoolean"/>
   <attribute value="0" name="localized" type="giBoolean"/>
   <attribute value="finesim_spred" name="name" type="giString"/>
   <attribute value="2" name="simDefault" type="giString"/>
   <attribute value="used" name="state" type="giString"/>
   <attribute value="0" name="value" type="giString"/>
  </object>
  <object name="options" type="saOption" version="1">
   <attribute value="no" name="enabled" type="giString"/>
   <attribute value="0" name="hasIntegrationDefault" type="giBoolean"/>
   <attribute value="0" name="localized" type="giBoolean"/>
   <attribute value="finesim_rcred" name="name" type="giString"/>
   <attribute value="0" name="simDefault" type="giString"/>
   <attribute value="used" name="state" type="giString"/>
   <attribute value="0" name="value" type="giString"/>
  </object>
  <object name="options" type="saOption" version="1">
   <attribute value="no" name="enabled" type="giString"/>
   <attribute value="0" name="hasIntegrationDefault" type="giBoolean"/>
   <attribute value="0" name="localized" type="giBoolean"/>
   <attribute value="finesim_postl" name="name" type="giString"/>
   <attribute value="0" name="simDefault" type="giString"/>
   <attribute value="used" name="state" type="giString"/>
   <attribute value="0" name="value" type="giString"/>
  </object>
  <object name="options" type="saOption" version="1">
   <attribute value="no" name="enabled" type="giString"/>
   <attribute value="0" name="hasIntegrationDefault" type="giBoolean"/>
   <attribute value="0" name="localized" type="giBoolean"/>
   <attribute value="finesim_spf_keep_hier" name="name" type="giString"/>
   <attribute value="0" name="simDefault" type="giString"/>
   <attribute value="used" name="state" type="giString"/>
   <attribute value="0" name="value" type="giString"/>
  </object>
  <object name="options" type="saOption" version="1">
   <attribute value="no" name="enabled" type="giString"/>
   <attribute value="0" name="hasIntegrationDefault" type="giBoolean"/>
   <attribute value="0" name="localized" type="giBoolean"/>
   <attribute value="finesim_spf_matcheffort" name="name" type="giString"/>
   <attribute value="0" name="simDefault" type="giString"/>
   <attribute value="used" name="state" type="giString"/>
   <attribute value="0" name="value" type="giString"/>
  </object>
  <object name="options" type="saOption" version="1">
   <attribute value="no" name="enabled" type="giString"/>
   <attribute value="0" name="hasIntegrationDefault" type="giBoolean"/>
   <attribute value="0" name="localized" type="giBoolean"/>
   <attribute value="finesim_spf_spice_names" name="name" type="giString"/>
   <attribute value="1" name="simDefault" type="giString"/>
   <attribute value="used" name="state" type="giString"/>
   <attribute value="1" name="value" type="giString"/>
  </object>
  <object name="options" type="saOption" version="1">
   <attribute value="no" name="enabled" type="giString"/>
   <attribute value="0" name="hasIntegrationDefault" type="giBoolean"/>
   <attribute value="0" name="localized" type="giBoolean"/>
   <attribute value="finesim_spfallowerror" name="name" type="giString"/>
   <attribute value="0" name="simDefault" type="giString"/>
   <attribute value="used" name="state" type="giString"/>
   <attribute value="0" name="value" type="giString"/>
  </object>
  <object name="options" type="saOption" version="1">
   <attribute value="no" name="enabled" type="giString"/>
   <attribute value="0" name="hasIntegrationDefault" type="giBoolean"/>
   <attribute value="0" name="localized" type="giBoolean"/>
   <attribute value="finesim_spfallowmissinginstance" name="name" type="giString"/>
   <attribute value="1" name="simDefault" type="giString"/>
   <attribute value="used" name="state" type="giString"/>
   <attribute value="1" name="value" type="giString"/>
  </object>
  <object name="options" type="saOption" version="1">
   <attribute value="no" name="enabled" type="giString"/>
   <attribute value="0" name="hasIntegrationDefault" type="giBoolean"/>
   <attribute value="0" name="localized" type="giBoolean"/>
   <attribute value="finesim_spfeqr" name="name" type="giString"/>
   <attribute value="" name="simDefault" type="giString"/>
   <attribute value="used" name="state" type="giString"/>
   <attribute value="" name="value" type="giString"/>
  </object>
  <object name="options" type="saOption" version="1">
   <attribute value="no" name="enabled" type="giString"/>
   <attribute value="0" name="hasIntegrationDefault" type="giBoolean"/>
   <attribute value="0" name="localized" type="giBoolean"/>
   <attribute value="finesim_spf2eqr" name="name" type="giString"/>
   <attribute value="" name="simDefault" type="giString"/>
   <attribute value="used" name="state" type="giString"/>
   <attribute value="" name="value" type="giString"/>
  </object>
  <object name="options" type="saOption" version="1">
   <attribute value="no" name="enabled" type="giString"/>
   <attribute value="0" name="hasIntegrationDefault" type="giBoolean"/>
   <attribute value="0" name="localized" type="giBoolean"/>
   <attribute value="finesim_spfeqrfile" name="name" type="giString"/>
   <attribute value="" name="simDefault" type="giString"/>
   <attribute value="used" name="state" type="giString"/>
   <attribute value="" name="value" type="giString"/>
  </object>
  <object name="options" type="saOption" version="1">
   <attribute value="no" name="enabled" type="giString"/>
   <attribute value="0" name="hasIntegrationDefault" type="giBoolean"/>
   <attribute value="0" name="localized" type="giBoolean"/>
   <attribute value="finesim_spfmergeport" name="name" type="giString"/>
   <attribute value="0" name="simDefault" type="giString"/>
   <attribute value="used" name="state" type="giString"/>
   <attribute value="0" name="value" type="giString"/>
  </object>
  <object name="options" type="saOption" version="1">
   <attribute value="no" name="enabled" type="giString"/>
   <attribute value="0" name="hasIntegrationDefault" type="giBoolean"/>
   <attribute value="0" name="localized" type="giBoolean"/>
   <attribute value="finesim_spfrptrmax" name="name" type="giString"/>
   <attribute value="2000" name="simDefault" type="giString"/>
   <attribute value="used" name="state" type="giString"/>
   <attribute value="2000" name="value" type="giString"/>
  </object>
  <object name="options" type="saOption" version="1">
   <attribute value="no" name="enabled" type="giString"/>
   <attribute value="0" name="hasIntegrationDefault" type="giBoolean"/>
   <attribute value="0" name="localized" type="giBoolean"/>
   <attribute value="finesim_spfsplitnet" name="name" type="giString"/>
   <attribute value="1" name="simDefault" type="giString"/>
   <attribute value="used" name="state" type="giString"/>
   <attribute value="1" name="value" type="giString"/>
  </object>
  <object name="options" type="saOption" version="1">
   <attribute value="no" name="enabled" type="giString"/>
   <attribute value="0" name="hasIntegrationDefault" type="giBoolean"/>
   <attribute value="0" name="localized" type="giBoolean"/>
   <attribute value="finesim_spftc" name="name" type="giString"/>
   <attribute value="0.1ps" name="simDefault" type="giString"/>
   <attribute value="used" name="state" type="giString"/>
   <attribute value="0.1ps" name="value" type="giString"/>
  </object>
  <object name="options" type="saOption" version="1">
   <attribute value="no" name="enabled" type="giString"/>
   <attribute value="0" name="hasIntegrationDefault" type="giBoolean"/>
   <attribute value="0" name="localized" type="giBoolean"/>
   <attribute value="finesim_spfrtc1" name="name" type="giString"/>
   <attribute value="0" name="simDefault" type="giString"/>
   <attribute value="used" name="state" type="giString"/>
   <attribute value="0" name="value" type="giString"/>
  </object>
  <object name="options" type="saOption" version="1">
   <attribute value="no" name="enabled" type="giString"/>
   <attribute value="0" name="hasIntegrationDefault" type="giBoolean"/>
   <attribute value="0" name="localized" type="giBoolean"/>
   <attribute value="finesim_spfrtc2" name="name" type="giString"/>
   <attribute value="0" name="simDefault" type="giString"/>
   <attribute value="used" name="state" type="giString"/>
   <attribute value="0" name="value" type="giString"/>
  </object>
  <object name="options" type="saOption" version="1">
   <attribute value="no" name="enabled" type="giString"/>
   <attribute value="0" name="hasIntegrationDefault" type="giBoolean"/>
   <attribute value="0" name="localized" type="giBoolean"/>
   <attribute value="finesim_spftref" name="name" type="giString"/>
   <attribute value="" name="simDefault" type="giString"/>
   <attribute value="used" name="state" type="giString"/>
   <attribute value="" name="value" type="giString"/>
  </object>
  <object name="options" type="saOption" version="1">
   <attribute value="no" name="enabled" type="giString"/>
   <attribute value="0" name="hasIntegrationDefault" type="giBoolean"/>
   <attribute value="0" name="localized" type="giBoolean"/>
   <attribute value="finesim_spfprb" name="name" type="giString"/>
   <attribute value="0" name="simDefault" type="giString"/>
   <attribute value="used" name="state" type="giString"/>
   <attribute value="0" name="value" type="giString"/>
  </object>
  <object name="options" type="saOption" version="1">
   <attribute value="no" name="enabled" type="giString"/>
   <attribute value="0" name="hasIntegrationDefault" type="giBoolean"/>
   <attribute value="0" name="localized" type="giBoolean"/>
   <attribute value="finesim_spfprb_mode" name="name" type="giString"/>
   <attribute value="0" name="simDefault" type="giString"/>
   <attribute value="used" name="state" type="giString"/>
   <attribute value="0" name="value" type="giString"/>
  </object>
  <object name="options" type="saOption" version="1">
   <attribute value="no" name="enabled" type="giString"/>
   <attribute value="0" name="hasIntegrationDefault" type="giBoolean"/>
   <attribute value="0" name="localized" type="giBoolean"/>
   <attribute value="finesim_spfreplast" name="name" type="giString"/>
   <attribute value="0" name="simDefault" type="giString"/>
   <attribute value="used" name="state" type="giString"/>
   <attribute value="0" name="value" type="giString"/>
  </object>
  <object name="options" type="saOption" version="1">
   <attribute value="no" name="enabled" type="giString"/>
   <attribute value="0" name="hasIntegrationDefault" type="giBoolean"/>
   <attribute value="0" name="localized" type="giBoolean"/>
   <attribute value="finesim_tflush" name="name" type="giString"/>
   <attribute value="" name="simDefault" type="giString"/>
   <attribute value="used" name="state" type="giString"/>
   <attribute value="" name="value" type="giString"/>
  </object>
  <object name="options" type="saOption" version="1">
   <attribute value="no" name="enabled" type="giString"/>
   <attribute value="0" name="hasIntegrationDefault" type="giBoolean"/>
   <attribute value="0" name="localized" type="giBoolean"/>
   <attribute value="finesim_use_old_trout" name="name" type="giString"/>
   <attribute value="0" name="simDefault" type="giString"/>
   <attribute value="used" name="state" type="giString"/>
   <attribute value="0" name="value" type="giString"/>
  </object>
  <object name="options" type="saOption" version="1">
   <attribute value="no" name="enabled" type="giString"/>
   <attribute value="0" name="hasIntegrationDefault" type="giBoolean"/>
   <attribute value="0" name="localized" type="giBoolean"/>
   <attribute value="finesim_utf_mode" name="name" type="giString"/>
   <attribute value="fast" name="simDefault" type="giString"/>
   <attribute value="used" name="state" type="giString"/>
   <attribute value="fast" name="value" type="giString"/>
  </object>
  <object name="options" type="saOption" version="1">
   <attribute value="no" name="enabled" type="giString"/>
   <attribute value="0" name="hasIntegrationDefault" type="giBoolean"/>
   <attribute value="0" name="localized" type="giBoolean"/>
   <attribute value="finesim_vprbtol" name="name" type="giString"/>
   <attribute value="0.1mV" name="simDefault" type="giString"/>
   <attribute value="used" name="state" type="giString"/>
   <attribute value="0.1mV" name="value" type="giString"/>
  </object>
  <object name="options" type="saOption" version="1">
   <attribute value="no" name="enabled" type="giString"/>
   <attribute value="0" name="hasIntegrationDefault" type="giBoolean"/>
   <attribute value="0" name="localized" type="giBoolean"/>
   <attribute value="finesim_wdf_limit" name="name" type="giString"/>
   <attribute value="" name="simDefault" type="giString"/>
   <attribute value="used" name="state" type="giString"/>
   <attribute value="" name="value" type="giString"/>
  </object>
  <object name="options" type="saOption" version="1">
   <attribute value="no" name="enabled" type="giString"/>
   <attribute value="0" name="hasIntegrationDefault" type="giBoolean"/>
   <attribute value="0" name="localized" type="giBoolean"/>
   <attribute value="finesim_wdf_mode" name="name" type="giString"/>
   <attribute value="loseless" name="simDefault" type="giString"/>
   <attribute value="used" name="state" type="giString"/>
   <attribute value="loseless" name="value" type="giString"/>
  </object>
  <object name="options" type="saOption" version="1">
   <attribute value="no" name="enabled" type="giString"/>
   <attribute value="0" name="hasIntegrationDefault" type="giBoolean"/>
   <attribute value="0" name="localized" type="giBoolean"/>
   <attribute value="finesim_ac_at_diff_t" name="name" type="giString"/>
   <attribute value="0" name="simDefault" type="giString"/>
   <attribute value="used" name="state" type="giString"/>
   <attribute value="0" name="value" type="giString"/>
  </object>
  <object name="options" type="saOption" version="1">
   <attribute value="no" name="enabled" type="giString"/>
   <attribute value="0" name="hasIntegrationDefault" type="giBoolean"/>
   <attribute value="0" name="localized" type="giBoolean"/>
   <attribute value="finesim_gen_ac_op" name="name" type="giString"/>
   <attribute value="1" name="simDefault" type="giString"/>
   <attribute value="used" name="state" type="giString"/>
   <attribute value="1" name="value" type="giString"/>
  </object>
  <object name="options" type="saOption" version="1">
   <attribute value="no" name="enabled" type="giString"/>
   <attribute value="0" name="hasIntegrationDefault" type="giBoolean"/>
   <attribute value="0" name="localized" type="giBoolean"/>
   <attribute value="finesim_flatsize" name="name" type="giString"/>
   <attribute value="7" name="simDefault" type="giString"/>
   <attribute value="used" name="state" type="giString"/>
   <attribute value="7" name="value" type="giString"/>
  </object>
  <object name="options" type="saOption" version="1">
   <attribute value="no" name="enabled" type="giString"/>
   <attribute value="0" name="hasIntegrationDefault" type="giBoolean"/>
   <attribute value="0" name="localized" type="giBoolean"/>
   <attribute value="finesim_gmax" name="name" type="giString"/>
   <attribute value="100" name="simDefault" type="giString"/>
   <attribute value="used" name="state" type="giString"/>
   <attribute value="100" name="value" type="giString"/>
  </object>
  <object name="options" type="saOption" version="1">
   <attribute value="no" name="enabled" type="giString"/>
   <attribute value="0" name="hasIntegrationDefault" type="giBoolean"/>
   <attribute value="0" name="localized" type="giBoolean"/>
   <attribute value="finesim_hstolscale" name="name" type="giString"/>
   <attribute value="1" name="simDefault" type="giString"/>
   <attribute value="used" name="state" type="giString"/>
   <attribute value="1" name="value" type="giString"/>
  </object>
  <object name="options" type="saOption" version="1">
   <attribute value="no" name="enabled" type="giString"/>
   <attribute value="0" name="hasIntegrationDefault" type="giBoolean"/>
   <attribute value="0" name="localized" type="giBoolean"/>
   <attribute value="finesim_tolscale" name="name" type="giString"/>
   <attribute value="5" name="simDefault" type="giString"/>
   <attribute value="used" name="state" type="giString"/>
   <attribute value="5" name="value" type="giString"/>
  </object>
  <object name="options" type="saOption" version="1">
   <attribute value="no" name="enabled" type="giString"/>
   <attribute value="0" name="hasIntegrationDefault" type="giBoolean"/>
   <attribute value="0" name="localized" type="giBoolean"/>
   <attribute value="finesim_partition" name="name" type="giString"/>
   <attribute value="" name="simDefault" type="giString"/>
   <attribute value="used" name="state" type="giString"/>
   <attribute value="" name="value" type="giString"/>
  </object>
  <object name="options" type="saOption" version="1">
   <attribute value="no" name="enabled" type="giString"/>
   <attribute value="0" name="hasIntegrationDefault" type="giBoolean"/>
   <attribute value="0" name="localized" type="giBoolean"/>
   <attribute value="finesim_print_max_con_node" name="name" type="giString"/>
   <attribute value="20" name="simDefault" type="giString"/>
   <attribute value="used" name="state" type="giString"/>
   <attribute value="20" name="value" type="giString"/>
  </object>
  <object name="options" type="saOption" version="1">
   <attribute value="no" name="enabled" type="giString"/>
   <attribute value="0" name="hasIntegrationDefault" type="giBoolean"/>
   <attribute value="0" name="localized" type="giBoolean"/>
   <attribute value="finesim_pwrtol" name="name" type="giString"/>
   <attribute value="3mV" name="simDefault" type="giString"/>
   <attribute value="used" name="state" type="giString"/>
   <attribute value="3mV" name="value" type="giString"/>
  </object>
  <object name="options" type="saOption" version="1">
   <attribute value="no" name="enabled" type="giString"/>
   <attribute value="0" name="hasIntegrationDefault" type="giBoolean"/>
   <attribute value="0" name="localized" type="giBoolean"/>
   <attribute value="finesim_accelerate_rom" name="name" type="giString"/>
   <attribute value="0" name="simDefault" type="giString"/>
   <attribute value="used" name="state" type="giString"/>
   <attribute value="0" name="value" type="giString"/>
  </object>
  <object name="options" type="saOption" version="1">
   <attribute value="no" name="enabled" type="giString"/>
   <attribute value="0" name="hasIntegrationDefault" type="giBoolean"/>
   <attribute value="0" name="localized" type="giBoolean"/>
   <attribute value="finesim_bytol" name="name" type="giString"/>
   <attribute value="1mV" name="simDefault" type="giString"/>
   <attribute value="used" name="state" type="giString"/>
   <attribute value="1mV" name="value" type="giString"/>
  </object>
  <object name="options" type="saOption" version="1">
   <attribute value="no" name="enabled" type="giString"/>
   <attribute value="0" name="hasIntegrationDefault" type="giBoolean"/>
   <attribute value="0" name="localized" type="giBoolean"/>
   <attribute value="finesim_chgtol" name="name" type="giString"/>
   <attribute value="1e-15" name="simDefault" type="giString"/>
   <attribute value="used" name="state" type="giString"/>
   <attribute value="1e-15" name="value" type="giString"/>
  </object>
  <object name="options" type="saOption" version="1">
   <attribute value="no" name="enabled" type="giString"/>
   <attribute value="0" name="hasIntegrationDefault" type="giBoolean"/>
   <attribute value="0" name="localized" type="giBoolean"/>
   <attribute value="finesim_delmax" name="name" type="giString"/>
   <attribute value="" name="simDefault" type="giString"/>
   <attribute value="used" name="state" type="giString"/>
   <attribute value="" name="value" type="giString"/>
  </object>
  <object name="options" type="saOption" version="1">
   <attribute value="no" name="enabled" type="giString"/>
   <attribute value="0" name="hasIntegrationDefault" type="giBoolean"/>
   <attribute value="0" name="localized" type="giBoolean"/>
   <attribute value="finesim_dvmax" name="name" type="giString"/>
   <attribute value="" name="simDefault" type="giString"/>
   <attribute value="used" name="state" type="giString"/>
   <attribute value="" name="value" type="giString"/>
  </object>
  <object name="options" type="saOption" version="1">
   <attribute value="no" name="enabled" type="giString"/>
   <attribute value="0" name="hasIntegrationDefault" type="giBoolean"/>
   <attribute value="0" name="localized" type="giBoolean"/>
   <attribute value="finesim_fcapmin" name="name" type="giString"/>
   <attribute value="0" name="simDefault" type="giString"/>
   <attribute value="used" name="state" type="giString"/>
   <attribute value="0" name="value" type="giString"/>
  </object>
  <object name="options" type="saOption" version="1">
   <attribute value="no" name="enabled" type="giString"/>
   <attribute value="0" name="hasIntegrationDefault" type="giBoolean"/>
   <attribute value="0" name="localized" type="giBoolean"/>
   <attribute value="finesim_leakage_mode" name="name" type="giString"/>
   <attribute value="0" name="simDefault" type="giString"/>
   <attribute value="used" name="state" type="giString"/>
   <attribute value="0" name="value" type="giString"/>
  </object>
  <object name="options" type="saOption" version="1">
   <attribute value="no" name="enabled" type="giString"/>
   <attribute value="0" name="hasIntegrationDefault" type="giBoolean"/>
   <attribute value="0" name="localized" type="giBoolean"/>
   <attribute value="finesim_loadmodel" name="name" type="giString"/>
   <attribute value="N/A" name="simDefault" type="giString"/>
   <attribute value="used" name="state" type="giString"/>
   <attribute value="N/A" name="value" type="giString"/>
  </object>
  <object name="options" type="saOption" version="1">
   <attribute value="no" name="enabled" type="giString"/>
   <attribute value="1" name="hasIntegrationDefault" type="giBoolean"/>
   <attribute value="0" name="localized" type="giBoolean"/>
   <attribute value="finesim_method" name="name" type="giString"/>
   <attribute value="TRAP" name="simDefault" type="giString"/>
   <attribute value="used" name="state" type="giString"/>
   <attribute value="AUTO" name="value" type="giString"/>
  </object>
  <object name="options" type="saOption" version="1">
   <attribute value="no" name="enabled" type="giString"/>
   <attribute value="0" name="hasIntegrationDefault" type="giBoolean"/>
   <attribute value="0" name="localized" type="giBoolean"/>
   <attribute value="finesim_prelayout_models" name="name" type="giString"/>
   <attribute value="0" name="simDefault" type="giString"/>
   <attribute value="used" name="state" type="giString"/>
   <attribute value="0" name="value" type="giString"/>
  </object>
  <object name="options" type="saOption" version="1">
   <attribute value="no" name="enabled" type="giString"/>
   <attribute value="0" name="hasIntegrationDefault" type="giBoolean"/>
   <attribute value="0" name="localized" type="giBoolean"/>
   <attribute value="finesim_qlevel" name="name" type="giString"/>
   <attribute value="1" name="simDefault" type="giString"/>
   <attribute value="used" name="state" type="giString"/>
   <attribute value="1" name="value" type="giString"/>
  </object>
  <object name="options" type="saOption" version="1">
   <attribute value="no" name="enabled" type="giString"/>
   <attribute value="1" name="hasIntegrationDefault" type="giBoolean"/>
   <attribute value="0" name="localized" type="giBoolean"/>
   <attribute value="finesim_model" name="name" type="giString"/>
   <attribute value="2" name="simDefault" type="giString"/>
   <attribute value="used" name="state" type="giString"/>
   <attribute value="4.5" name="value" type="giString"/>
  </object>
  <object name="options" type="saOption" version="1">
   <attribute value="no" name="enabled" type="giString"/>
   <attribute value="0" name="hasIntegrationDefault" type="giBoolean"/>
   <attribute value="0" name="localized" type="giBoolean"/>
   <attribute value="finesim_pwrblock" name="name" type="giString"/>
   <attribute value="1" name="simDefault" type="giString"/>
   <attribute value="used" name="state" type="giString"/>
   <attribute value="1" name="value" type="giString"/>
  </object>
  <object name="options" type="saOption" version="1">
   <attribute value="no" name="enabled" type="giString"/>
   <attribute value="0" name="hasIntegrationDefault" type="giBoolean"/>
   <attribute value="0" name="localized" type="giBoolean"/>
   <attribute value="finesim_resmax" name="name" type="giString"/>
   <attribute value="1T" name="simDefault" type="giString"/>
   <attribute value="used" name="state" type="giString"/>
   <attribute value="1T" name="value" type="giString"/>
  </object>
  <object name="options" type="saOption" version="1">
   <attribute value="no" name="enabled" type="giString"/>
   <attribute value="0" name="hasIntegrationDefault" type="giBoolean"/>
   <attribute value="0" name="localized" type="giBoolean"/>
   <attribute value="finesim_resmin" name="name" type="giString"/>
   <attribute value="0.001" name="simDefault" type="giString"/>
   <attribute value="used" name="state" type="giString"/>
   <attribute value="0.001" name="value" type="giString"/>
  </object>
  <object name="options" type="saOption" version="1">
   <attribute value="no" name="enabled" type="giString"/>
   <attribute value="0" name="hasIntegrationDefault" type="giBoolean"/>
   <attribute value="0" name="localized" type="giBoolean"/>
   <attribute value="finesim_reuse_mos_model" name="name" type="giString"/>
   <attribute value="1" name="simDefault" type="giString"/>
   <attribute value="used" name="state" type="giString"/>
   <attribute value="1" name="value" type="giString"/>
  </object>
  <object name="options" type="saOption" version="1">
   <attribute value="no" name="enabled" type="giString"/>
   <attribute value="0" name="hasIntegrationDefault" type="giBoolean"/>
   <attribute value="0" name="localized" type="giBoolean"/>
   <attribute value="finesim_speed" name="name" type="giString"/>
   <attribute value="2" name="simDefault" type="giString"/>
   <attribute value="used" name="state" type="giString"/>
   <attribute value="2" name="value" type="giString"/>
  </object>
  <object name="options" type="saOption" version="1">
   <attribute value="no" name="enabled" type="giString"/>
   <attribute value="0" name="hasIntegrationDefault" type="giBoolean"/>
   <attribute value="0" name="localized" type="giBoolean"/>
   <attribute value="finesim_tunit" name="name" type="giString"/>
   <attribute value="0.01p" name="simDefault" type="giString"/>
   <attribute value="used" name="state" type="giString"/>
   <attribute value="0.01p" name="value" type="giString"/>
  </object>
  <object name="options" type="saOption" version="1">
   <attribute value="no" name="enabled" type="giString"/>
   <attribute value="0" name="hasIntegrationDefault" type="giBoolean"/>
   <attribute value="0" name="localized" type="giBoolean"/>
   <attribute value="finesim_vdd" name="name" type="giString"/>
   <attribute value="" name="simDefault" type="giString"/>
   <attribute value="used" name="state" type="giString"/>
   <attribute value="" name="value" type="giString"/>
  </object>
  <object name="options" type="saOption" version="1">
   <attribute value="no" name="enabled" type="giString"/>
   <attribute value="0" name="hasIntegrationDefault" type="giBoolean"/>
   <attribute value="0" name="localized" type="giBoolean"/>
   <attribute value="finesim_write_mcparam" name="name" type="giString"/>
   <attribute value="0" name="simDefault" type="giString"/>
   <attribute value="used" name="state" type="giString"/>
   <attribute value="0" name="value" type="giString"/>
  </object>
  <object name="options" type="saOption" version="1">
   <attribute value="no" name="enabled" type="giString"/>
   <attribute value="0" name="hasIntegrationDefault" type="giBoolean"/>
   <attribute value="0" name="localized" type="giBoolean"/>
   <attribute value="finesim_identical_mc_instance_file" name="name" type="giString"/>
   <attribute value="" name="simDefault" type="giString"/>
   <attribute value="used" name="state" type="giString"/>
   <attribute value="" name="value" type="giString"/>
  </object>
  <object name="options" type="saOption" version="1">
   <attribute value="no" name="enabled" type="giString"/>
   <attribute value="0" name="hasIntegrationDefault" type="giBoolean"/>
   <attribute value="0" name="localized" type="giBoolean"/>
   <attribute value="finesim_mcbrief" name="name" type="giString"/>
   <attribute value="1" name="simDefault" type="giString"/>
   <attribute value="used" name="state" type="giString"/>
   <attribute value="1" name="value" type="giString"/>
  </object>
  <object name="options" type="saOption" version="1">
   <attribute value="no" name="enabled" type="giString"/>
   <attribute value="0" name="hasIntegrationDefault" type="giBoolean"/>
   <attribute value="0" name="localized" type="giBoolean"/>
   <attribute value="finesim_noise_on" name="name" type="giString"/>
   <attribute value="0" name="simDefault" type="giString"/>
   <attribute value="used" name="state" type="giString"/>
   <attribute value="0" name="value" type="giString"/>
  </object>
  <object name="options" type="saOption" version="1">
   <attribute value="no" name="enabled" type="giString"/>
   <attribute value="0" name="hasIntegrationDefault" type="giBoolean"/>
   <attribute value="0" name="localized" type="giBoolean"/>
   <attribute value="finesim_noise_off" name="name" type="giString"/>
   <attribute value="0" name="simDefault" type="giString"/>
   <attribute value="used" name="state" type="giString"/>
   <attribute value="0" name="value" type="giString"/>
  </object>
  <object name="options" type="saOption" version="1">
   <attribute value="no" name="enabled" type="giString"/>
   <attribute value="0" name="hasIntegrationDefault" type="giBoolean"/>
   <attribute value="0" name="localized" type="giBoolean"/>
   <attribute value="finesim_vsrcn" name="name" type="giString"/>
   <attribute value="1" name="simDefault" type="giString"/>
   <attribute value="used" name="state" type="giString"/>
   <attribute value="1" name="value" type="giString"/>
  </object>
  <object name="options" type="saOption" version="1">
   <attribute value="no" name="enabled" type="giString"/>
   <attribute value="0" name="hasIntegrationDefault" type="giBoolean"/>
   <attribute value="0" name="localized" type="giBoolean"/>
   <attribute value="finesim_diag_ba" name="name" type="giString"/>
   <attribute value="0" name="simDefault" type="giString"/>
   <attribute value="used" name="state" type="giString"/>
   <attribute value="0" name="value" type="giString"/>
  </object>
  <object name="options" type="saOption" version="1">
   <attribute value="no" name="enabled" type="giString"/>
   <attribute value="0" name="hasIntegrationDefault" type="giBoolean"/>
   <attribute value="0" name="localized" type="giBoolean"/>
   <attribute value="errpreset" name="name" type="giString"/>
   <attribute value="donotoverride" name="simDefault" type="giString"/>
   <attribute value="used" name="state" type="giString"/>
   <attribute value="donotoverride" name="value" type="giString"/>
  </object>
  <object name="options" type="saOption" version="1">
   <attribute value="no" name="enabled" type="giString"/>
   <attribute value="0" name="hasIntegrationDefault" type="giBoolean"/>
   <attribute value="0" name="localized" type="giBoolean"/>
   <attribute value="runlvl" name="name" type="giString"/>
   <attribute value="5" name="simDefault" type="giString"/>
   <attribute value="used" name="state" type="giString"/>
   <attribute value="5" name="value" type="giString"/>
  </object>
  <object name="options" type="saOption" version="1">
   <attribute value="no" name="enabled" type="giString"/>
   <attribute value="0" name="hasIntegrationDefault" type="giBoolean"/>
   <attribute value="0" name="localized" type="giBoolean"/>
   <attribute value="age_pw_integ" name="name" type="giString"/>
   <attribute value="0" name="simDefault" type="giString"/>
   <attribute value="used" name="state" type="giString"/>
   <attribute value="0" name="value" type="giString"/>
  </object>
  <object name="options" type="saOption" version="1">
   <attribute value="no" name="enabled" type="giString"/>
   <attribute value="1" name="hasIntegrationDefault" type="giBoolean"/>
   <attribute value="0" name="localized" type="giBoolean"/>
   <attribute value="s_elem_cache_dir" name="name" type="giString"/>
   <attribute value="" name="simDefault" type="giString"/>
   <attribute value="used" name="state" type="giString"/>
   <attribute value="$::env(SYNOPSYS_CUSTOM_USER)/sparam_dir" name="value" type="giString"/>
  </object>
  <object name="options" type="saOption" version="1">
   <attribute value="no" name="enabled" type="giString"/>
   <attribute value="1" name="hasIntegrationDefault" type="giBoolean"/>
   <attribute value="0" name="localized" type="giBoolean"/>
   <attribute value="pva_output_dir" name="name" type="giString"/>
   <attribute value="" name="simDefault" type="giString"/>
   <attribute value="used" name="state" type="giString"/>
   <attribute value="$::env(SYNOPSYS_CUSTOM_USER)/pva_dir" name="value" type="giString"/>
  </object>
  <object name="options" type="saOption" version="1">
   <attribute value="no" name="enabled" type="giString"/>
   <attribute value="0" name="hasIntegrationDefault" type="giBoolean"/>
   <attribute value="0" name="localized" type="giBoolean"/>
   <attribute value="finesim_assert" name="name" type="giString"/>
   <attribute value="0" name="simDefault" type="giString"/>
   <attribute value="used" name="state" type="giString"/>
   <attribute value="0" name="value" type="giString"/>
  </object>
  <object name="options" type="saOption" version="1">
   <attribute value="no" name="enabled" type="giString"/>
   <attribute value="0" name="hasIntegrationDefault" type="giBoolean"/>
   <attribute value="0" name="localized" type="giBoolean"/>
   <attribute value="finesim_chkexpr_print_all" name="name" type="giString"/>
   <attribute value="0" name="simDefault" type="giString"/>
   <attribute value="used" name="state" type="giString"/>
   <attribute value="0" name="value" type="giString"/>
  </object>
  <object name="options" type="saOption" version="1">
   <attribute value="no" name="enabled" type="giString"/>
   <attribute value="0" name="hasIntegrationDefault" type="giBoolean"/>
   <attribute value="0" name="localized" type="giBoolean"/>
   <attribute value="finesim_mc_nominal_simulation" name="name" type="giString"/>
   <attribute value="" name="simDefault" type="giString"/>
   <attribute value="used" name="state" type="giString"/>
   <attribute value="" name="value" type="giString"/>
  </object>
 </collection>
</file-format>
