<?xml version="1.0"?>
<!--Created by Custom Compiler (TM), build , on Tue Apr 23 21:33:42 2024-->
<file-format name="stateData" version="1.0">
 <attribute value="0" name="dcop_splitted" type="giBoolean"/>
 <attribute value="" name="description" type="giString"/>
 <attribute value="Tarea_2/gate_stimulus/config" name="design" type="dmCellView"/>
 <attribute value="1" name="enabled" type="giBoolean"/>
 <attribute value="0" name="enabledJobClass" type="giBoolean"/>
 <attribute value="" name="migratedSimulator" type="giString"/>
 <attribute value="FineSim_VCS_parasitas" name="name" type="giString"/>
 <attribute value="Tarea_2/gate_stimulus/FineSim_VCS_parasitas" name="openaccessState" type="dmCellView"/>
 <attribute value="FineSimProVCS" name="simulator" type="giString"/>
 <comment></comment>
 <resultsDir>~/simulation</resultsDir>
 <enableTestbenchHistory>0</enableTestbenchHistory>
 <integration version="1"/>
</file-format>
