<?xml version="1.0"?>
<!--Created by Custom Compiler (TM), build , on Sat Mar 30 20:58:58 2024-->
<file-format version="1.0" name="stateData">
 <attribute type="giBoolean" value="0" name="dcop_splitted"/>
 <attribute type="giString" value="" name="description"/>
 <attribute type="dmCellView" value="Tarea_2/static_cell/schematic" name="design"/>
 <attribute type="giBoolean" value="1" name="enabled"/>
 <attribute type="giBoolean" value="0" name="enabledJobClass"/>
 <attribute type="giString" value="" name="migratedSimulator"/>
 <attribute type="giString" value="HSPICE_default" name="name"/>
 <attribute type="dmCellView" value="Tarea_2/static_cell/HSPICE_default" name="openaccessState"/>
 <attribute type="giString" value="HSPICE" name="simulator"/>
 <comment></comment>
 <resultsDir>~/simulation</resultsDir>
 <enableTestbenchHistory>0</enableTestbenchHistory>
 <integration version="1"/>
</file-format>
