<?xml version="1.0"?>
<!--Created by Custom Compiler (TM), build , on Mon Apr 22 22:15:59 2024-->
<file-format name="stateCategory" version="1.0">
 <collection name="analyses">
  <object name="analyses" type="saAnalysis" version="1">
   <attribute value="0" name="advanced" type="giBoolean"/>
   <attribute value="" name="card" type="giString"/>
   <attribute value="tran" name="definition" type="giString"/>
   <attribute value="" name="description" type="giString"/>
   <attribute value="0" name="doRestore" type="giBoolean"/>
   <attribute value="0" name="doSave" type="giBoolean"/>
   <attribute value="1" name="enabled" type="giBoolean"/>
   <attribute value="0" name="fmax" type="giString"/>
   <attribute value="" name="fmin" type="giString"/>
   <attribute value="Temp Sweep" name="method" type="giString"/>
   <attribute value="tran" name="name" type="giString"/>
   <collection name="options"/>
   <attribute value="" name="prUCLICommands" type="giString"/>
   <attribute value="" name="restorePoint" type="giString"/>
   <attribute value="" name="saveList" type="giString"/>
   <attribute value="1.0" name="scale" type="giString"/>
   <attribute value="" name="seed" type="giString"/>
   <attribute value="10ps" name="step" type="giString"/>
   <attribute value="15ns" name="stop" type="giString"/>
   <attribute value="" name="tempStep" type="giString"/>
   <attribute value="" name="tempValues" type="giString"/>
   <attribute value="0" name="tranNoise" type="giBoolean"/>
   <attribute value="0" name="uic" type="giBoolean"/>
   <attribute value="0" name="useCard" type="giBoolean"/>
  </object>
 </collection>
</file-format>
